currency,exchange_rate,exchange_rate_%,ingestion_timestamp
GBP,1.0,100.0,2025-07-20 17:42:25
AED,4.9293,492.9,2025-07-20 17:42:25
AFN,92.5663,9256.6,2025-07-20 17:42:25
ALL,112.7583,11275.8,2025-07-20 17:42:25
AMD,515.3434,51534.3,2025-07-20 17:42:25
ANG,2.4026,240.3,2025-07-20 17:42:25
AOA,1263.7235,126372.4,2025-07-20 17:42:25
ARS,1723.1832,172318.3,2025-07-20 17:42:25
AUD,2.0608,206.1,2025-07-20 17:42:25
AWG,2.4026,240.3,2025-07-20 17:42:25
AZN,2.283,228.3,2025-07-20 17:42:25
BAM,2.2571,225.7,2025-07-20 17:42:25
BBD,2.6844,268.4,2025-07-20 17:42:25
BDT,162.9494,16294.9,2025-07-20 17:42:25
BGN,2.2572,225.7,2025-07-20 17:42:25
BHD,0.5047,50.5,2025-07-20 17:42:25
BIF,4010.7353,401073.5,2025-07-20 17:42:25
BMD,1.3422,134.2,2025-07-20 17:42:25
BND,1.7243,172.4,2025-07-20 17:42:25
BOB,9.2719,927.2,2025-07-20 17:42:25
BRL,7.4562,745.6,2025-07-20 17:42:25
BSD,1.3422,134.2,2025-07-20 17:42:25
BTN,115.6802,11568.0,2025-07-20 17:42:25
BWP,18.9769,1897.7,2025-07-20 17:42:25
BYN,4.0491,404.9,2025-07-20 17:42:25
BZD,2.6844,268.4,2025-07-20 17:42:25
CAD,1.8416,184.2,2025-07-20 17:42:25
CDF,3896.1429,389614.3,2025-07-20 17:42:25
CHF,1.0756,107.6,2025-07-20 17:42:25
CLP,1294.4257,129442.6,2025-07-20 17:42:25
CNY,9.6359,963.6,2025-07-20 17:42:25
COP,5383.2694,538326.9,2025-07-20 17:42:25
CRC,676.3313,67633.1,2025-07-20 17:42:25
CUP,32.2133,3221.3,2025-07-20 17:42:25
CVE,127.2522,12725.2,2025-07-20 17:42:25
CZK,28.4279,2842.8,2025-07-20 17:42:25
DJF,238.5408,23854.1,2025-07-20 17:42:25
DKK,8.6083,860.8,2025-07-20 17:42:25
DOP,80.7037,8070.4,2025-07-20 17:42:25
DZD,174.3922,17439.2,2025-07-20 17:42:25
EGP,66.2972,6629.7,2025-07-20 17:42:25
ERN,20.1333,2013.3,2025-07-20 17:42:25
ETB,182.966,18296.6,2025-07-20 17:42:25
EUR,1.1541,115.4,2025-07-20 17:42:25
FJD,3.0279,302.8,2025-07-20 17:42:25
FKP,1.0,100.0,2025-07-20 17:42:25
FOK,8.6083,860.8,2025-07-20 17:42:25
GEL,3.6416,364.2,2025-07-20 17:42:25
GGP,1.0,100.0,2025-07-20 17:42:25
GHS,14.8808,1488.1,2025-07-20 17:42:25
GIP,1.0,100.0,2025-07-20 17:42:25
GMD,97.834,9783.4,2025-07-20 17:42:25
GNF,11683.7327,1168373.3,2025-07-20 17:42:25
GTQ,10.2806,1028.1,2025-07-20 17:42:25
GYD,280.0103,28001.0,2025-07-20 17:42:25
HKD,10.5391,1053.9,2025-07-20 17:42:25
HNL,35.0746,3507.5,2025-07-20 17:42:25
HRK,8.6952,869.5,2025-07-20 17:42:25
HTG,175.8036,17580.4,2025-07-20 17:42:25
HUF,460.4817,46048.2,2025-07-20 17:42:25
IDR,21904.2307,2190423.1,2025-07-20 17:42:25
ILS,4.5104,451.0,2025-07-20 17:42:25
IMP,1.0,100.0,2025-07-20 17:42:25
INR,115.6183,11561.8,2025-07-20 17:42:25
IQD,1755.7725,175577.2,2025-07-20 17:42:25
IRR,57013.9113,5701391.1,2025-07-20 17:42:25
ISK,163.9284,16392.8,2025-07-20 17:42:25
JEP,1.0,100.0,2025-07-20 17:42:25
JMD,215.3058,21530.6,2025-07-20 17:42:25
JOD,0.9516,95.2,2025-07-20 17:42:25
JPY,199.5703,19957.0,2025-07-20 17:42:25
KES,173.628,17362.8,2025-07-20 17:42:25
KGS,117.2391,11723.9,2025-07-20 17:42:25
KHR,5382.8289,538282.9,2025-07-20 17:42:25
KID,2.0608,206.1,2025-07-20 17:42:25
KMF,567.7593,56775.9,2025-07-20 17:42:25
KRW,1868.527,186852.7,2025-07-20 17:42:25
KWD,0.4096,41.0,2025-07-20 17:42:25
KYD,1.1185,111.8,2025-07-20 17:42:25
KZT,715.9312,71593.1,2025-07-20 17:42:25
LAK,29070.5718,2907057.2,2025-07-20 17:42:25
LBP,120128.7494,12012874.9,2025-07-20 17:42:25
LKR,404.9138,40491.4,2025-07-20 17:42:25
LRD,268.6701,26867.0,2025-07-20 17:42:25
LSL,23.7654,2376.5,2025-07-20 17:42:25
LYD,7.2751,727.5,2025-07-20 17:42:25
MAD,12.1511,1215.1,2025-07-20 17:42:25
MDL,22.7733,2277.3,2025-07-20 17:42:25
MGA,5927.6674,592766.7,2025-07-20 17:42:25
MKD,71.2249,7122.5,2025-07-20 17:42:25
MMK,2818.6999,281870.0,2025-07-20 17:42:25
MNT,4796.5625,479656.2,2025-07-20 17:42:25
MOP,10.8553,1085.5,2025-07-20 17:42:25
MRU,53.5886,5358.9,2025-07-20 17:42:25
MUR,61.1947,6119.5,2025-07-20 17:42:25
MVR,20.7068,2070.7,2025-07-20 17:42:25
MWK,2347.987,234798.7,2025-07-20 17:42:25
MXN,25.1377,2513.8,2025-07-20 17:42:25
MYR,5.6968,569.7,2025-07-20 17:42:25
MZN,85.9171,8591.7,2025-07-20 17:42:25
NAD,23.7654,2376.5,2025-07-20 17:42:25
NGN,2043.666,204366.6,2025-07-20 17:42:25
NIO,49.3029,4930.3,2025-07-20 17:42:25
NOK,13.66,1366.0,2025-07-20 17:42:25
NPR,185.0883,18508.8,2025-07-20 17:42:25
NZD,2.25,225.0,2025-07-20 17:42:25
OMR,0.5161,51.6,2025-07-20 17:42:25
PAB,1.3422,134.2,2025-07-20 17:42:25
PEN,4.7796,478.0,2025-07-20 17:42:25
PGK,5.5881,558.8,2025-07-20 17:42:25
PHP,76.8216,7682.2,2025-07-20 17:42:25
PKR,382.4467,38244.7,2025-07-20 17:42:25
PLN,4.9024,490.2,2025-07-20 17:42:25
PYG,10298.8199,1029882.0,2025-07-20 17:42:25
QAR,4.8857,488.6,2025-07-20 17:42:25
RON,5.8606,586.1,2025-07-20 17:42:25
RSD,135.2312,13523.1,2025-07-20 17:42:25
RUB,104.9269,10492.7,2025-07-20 17:42:25
RWF,1949.3414,194934.1,2025-07-20 17:42:25
SAR,5.0333,503.3,2025-07-20 17:42:25
SBD,11.0305,1103.0,2025-07-20 17:42:25
SCR,19.2901,1929.0,2025-07-20 17:42:25
SDG,598.9678,59896.8,2025-07-20 17:42:25
SEK,12.9776,1297.8,2025-07-20 17:42:25
SGD,1.7242,172.4,2025-07-20 17:42:25
SHP,1.0,100.0,2025-07-20 17:42:25
SLE,30.3169,3031.7,2025-07-20 17:42:25
SLL,30316.9027,3031690.3,2025-07-20 17:42:25
SOS,764.6636,76466.4,2025-07-20 17:42:25
SRD,50.0544,5005.4,2025-07-20 17:42:25
SSP,6357.0353,635703.5,2025-07-20 17:42:25
STN,28.2744,2827.4,2025-07-20 17:42:25
SYP,17215.6486,1721564.9,2025-07-20 17:42:25
SZL,23.7654,2376.5,2025-07-20 17:42:25
THB,43.4982,4349.8,2025-07-20 17:42:25
TJS,13.0569,1305.7,2025-07-20 17:42:25
TMT,4.6971,469.7,2025-07-20 17:42:25
TND,3.8779,387.8,2025-07-20 17:42:25
TOP,3.1959,319.6,2025-07-20 17:42:25
TRY,54.2097,5421.0,2025-07-20 17:42:25
TTD,9.319,931.9,2025-07-20 17:42:25
TVD,2.0608,206.1,2025-07-20 17:42:25
TWD,39.4859,3948.6,2025-07-20 17:42:25
TZS,3494.6522,349465.2,2025-07-20 17:42:25
UAH,56.1235,5612.4,2025-07-20 17:42:25
UGX,4790.0856,479008.6,2025-07-20 17:42:25
USD,1.3422,134.2,2025-07-20 17:42:25
UYU,54.1831,5418.3,2025-07-20 17:42:25
UZS,16971.011,1697101.1,2025-07-20 17:42:25
VES,159.9185,15991.8,2025-07-20 17:42:25
VND,34969.6593,3496965.9,2025-07-20 17:42:25
VUV,160.4093,16040.9,2025-07-20 17:42:25
WST,3.5742,357.4,2025-07-20 17:42:25
XAF,757.0123,75701.2,2025-07-20 17:42:25
XCD,3.624,362.4,2025-07-20 17:42:25
XCG,2.4026,240.3,2025-07-20 17:42:25
XDR,0.981,98.1,2025-07-20 17:42:25
XOF,757.0123,75701.2,2025-07-20 17:42:25
XPF,137.716,13771.6,2025-07-20 17:42:25
YER,323.4544,32345.4,2025-07-20 17:42:25
ZAR,23.7655,2376.5,2025-07-20 17:42:25
ZMW,30.8773,3087.7,2025-07-20 17:42:25
ZWL,35.9676,3596.8,2025-07-20 17:42:25
